[
  {
    "id": "p1",
    "title": "Remera Oversize Blanca",
    "price": 690,
    "sizes": [
      "S",
      "M",
      "L",
      "XL"
    ],
    "colors": [
      "Blanco"
    ],
    "tag": "nuevo",
    "img": "assets/p1.jpg"
  },
  {
    "id": "p2",
    "title": "Remera Oversize Negra",
    "price": 690,
    "sizes": [
      "S",
      "M",
      "L",
      "XL"
    ],
    "colors": [
      "Negro"
    ],
    "tag": "best-seller",
    "img": "assets/p2.jpg"
  },
  {
    "id": "p3",
    "title": "Hoodie Negro",
    "price": 1590,
    "sizes": [
      "S",
      "M",
      "L",
      "XL"
    ],
    "colors": [
      "Negro"
    ],
    "tag": "nuevo",
    "img": "assets/p3.jpg"
  },
  {
    "id": "p4",
    "title": "Hoodie Arena",
    "price": 1590,
    "sizes": [
      "S",
      "M",
      "L",
      "XL"
    ],
    "colors": [
      "Arena"
    ],
    "tag": "limited",
    "img": "assets/p4.jpg"
  },
  {
    "id": "p5",
    "title": "Jogger Negro",
    "price": 1290,
    "sizes": [
      "S",
      "M",
      "L",
      "XL"
    ],
    "colors": [
      "Negro"
    ],
    "tag": "nuevo",
    "img": "assets/p5.jpg"
  },
  {
    "id": "p6",
    "title": "Short Deportivo",
    "price": 890,
    "sizes": [
      "S",
      "M",
      "L",
      "XL"
    ],
    "colors": [
      "Gris",
      "Negro"
    ],
    "tag": "nuevo",
    "img": "assets/p6.jpg"
  },
  {
    "id": "p7",
    "title": "Gorra Snapback",
    "price": 690,
    "sizes": [
      "Único"
    ],
    "colors": [
      "Negro"
    ],
    "tag": "accesorio",
    "img": "assets/p7.jpg"
  },
  {
    "id": "p8",
    "title": "Campera Rompeviento",
    "price": 1790,
    "sizes": [
      "S",
      "M",
      "L",
      "XL"
    ],
    "colors": [
      "Negro"
    ],
    "tag": "limited",
    "img": "assets/p8.jpg"
  },
  {
    "id": "p9",
    "title": "Pack 5 Remeras",
    "price": 2990,
    "sizes": [
      "S",
      "M",
      "L",
      "XL",
      "Mixto"
    ],
    "colors": [
      "Surtido"
    ],
    "tag": "ahorro",
    "img": "assets/p9.jpg"
  }
]